it,es,fr,uk,de
17,17,17,18,17
79,35,38,22,21
132,54,57,30,47
229,82,100,42,57
322,136,130,47,111
400,192,178,69,129
650,267,212,109,157
888,348,285,164,196
1128,531,423,220,262
1689,764,613,271,400
2036,1094,716,352,684
2502,1527,1126,412,847
3089,2299,1412,469,902
3858,3274,1784,617,1139
4636,4427,2281,876,1296
5883,5958,2876,1282,1567
7375,7641,3661,1766,2369
9172,9785,4499,2244,3062
10149,11491,5423,2605,3795
12462,13994,6633,3047,4838
15113,17688,7730,3658,6012
17660,21735,9134,4427,7156
21157,26304,10995,5426,8198
23980,31750,12612,6481,14138
27980,36616,14459,7736,18187
31506,41262,16018,8934,21463
35713,48953,19856,10312,24774
41035,57506,22302,12650,29212
47021,66460,25233,15025,31554
53578,75641,29155,17717,36508